Questions,Solutions,Metakeywords,,,,,,,,,
How to install jupyter notebook in Pyspark VM ??,https://kbscollection.s3.amazonaws.com/1How+to+install+jupyter+notebook+in+Pyspark+VM.pdf,"Install,Jupyter,Pyspark,VM",,,,,,,,,
Installation of Django in Anaconda-Jupyter Notebook,https://kbscollection.s3.amazonaws.com/2installation-of-django-on-anaconda.pdf,"Install, Django,Anaconda",,,,,,,,,
Anaconda installation with mysql,https://kbscollection.s3.amazonaws.com/3install-mysql-connector-in-anaconda-2019-10.pdf,"Install, Anaconda, Mysql",,,,,,,,,
Jupyter kernel issue,https://kbscollection.s3.amazonaws.com/4jupyter-kernek-issue.pdf,"Jupyter,Kernel,Error",,,,,,,,,
How to Open Files in Jupyter notebook.,https://kbscollection.s3.amazonaws.com/5how-to-open-files-in-jupyter-notebook.pdf,"Open,Jupyter,Notebook",,,,,,,,,
Jupyter shortcuts,https://kbscollection.s3.amazonaws.com/6jupyter-shortcuts.pdf,"Shortcuts,Jupyter",,,,,,,,,
VM set up for python,https://kbscollection.s3.amazonaws.com/7VM_Python_Windows_1_.pdf,"VM,Python",,,,,,,,,
Creat VM using Azure,https://kbscollection.s3.amazonaws.com/8Create+Virtual+machine+in+Azure+using+the+default+settings.docx,"VM,Azure",,,,,,,,,
Jupyter Lab installation using Command Prompt,https://kbscollection.s3.amazonaws.com/9jupyter-lab-installation-using-command-prompt.pdf,"Jupyter,Install, Command prompt",,,,,,,,,
Anaconda installation on MAC,https://kbscollection.s3.amazonaws.com/10anaconda-installation-on-mac.pdf,"Anaconda,Mac",,,,,,,,,
Installation of all Big Data tools in VM,https://kbscollection.s3.amazonaws.com/11Edureka_Hadoop_VM_Updated_4_0.pdf,"VM, Big data, Install",,,,,,,,,
Installation on tensorflow in anaconda,https://kbscollection.s3.amazonaws.com/12using-tensorflow-with-gpu.pdf,"Install, Tensorflow, Anaconda",,,,,,,,,
Installation of R in Mac OS,https://kbscollection.s3.amazonaws.com/13installation-of-r-in-mac-os.pdf,"Install, R, Mac",,,,,,,,,
"Installation of all Vm machines(Ubuntu, Centos, Windows server etc)",https://kbscollection.s3.amazonaws.com/14how-to-connect-local-system-with-vm-for-file-copy-ex-i-have-installed-ubuntu-vm-in-my-windows-now-i-want-to-copy-file-from-windows-to-the-ubuntu-vm-use-all-available-methods.pdf,"Install, VM, Ubuntu",,,,,,,,,
"Kai linux,ubuntu,Virtual box installation",https://kbscollection.s3.amazonaws.com/15kali-ubu.pdf,"VM, Kali linux, Install",,,,,,,,,
Hive Installation In Edureka Spark VM,https://kbscollection.s3.amazonaws.com/16hive-installation-in-edureka-spark-vm.pdf,"Install, Hive, VM",,,,,,,,,
Installation MangoDb on Mac,https://kbscollection.s3.amazonaws.com/17Install+Mango+in+Mac.docx,"Install, MangoDb, Mac",,,,,,,,,
"Full steps on how to install mysql, connect it with python.",https://kbscollection.s3.amazonaws.com/18how-to-connect-mysql-database-in-python.pdf,"Install, Mysql, Python",,,,,,,,,
Install DAAG library and load(jobs) dataset in R programming,https://kbscollection.s3.amazonaws.com/19install-daag-library-and-load-in-r-programming.pdf,"Install, DAAG library, R programming",,,,,,,,,
how to convert document term matrix to Data frame: R programming,https://kbscollection.s3.amazonaws.com/20how-to-convert-document-term-matrix-to-data-frame.pdf,"Matrix, Data frame, R programming",,,,,,,,,
Type 1 and Type 2 errors in hypothesis,https://kbscollection.s3.amazonaws.com/21type-1-and-type-2-error-in-hypothesis.pdf,"Type, Error, Hypothesis",,,,,,,,,
Java R error in R studio,https://kbscollection.s3.amazonaws.com/22.Rtools+Error.pdf,"Error, R Studio, Java",,,,,,,,,
Rtools Error -,https://kbscollection.s3.amazonaws.com/23rtools-error.pdf,"Error, Rtools",,,,,,,,,
E : Unable to Locate Package Error in Kali Linux ,https://kbscollection.s3.amazonaws.com/24e-unable-to-locate-package-15-6-2021.pdf,"Error, Package, Kali linux",,,,,,,,,
steps to resolve Pyaudio installation Error,https://kbscollection.s3.amazonaws.com/25pyaudio_installation_solved.rtf,"Error, Pyaudio, Install",,,,,,,,,
MPP2 Project - beeline no connection error,https://kbscollection.s3.amazonaws.com/26mid-term-project-2-pgd-aiml-course-video-explanation.pdf,"Error, Beeline, Connection ",,,,,,,,,
454 Not found error - resolution,https://kbscollection.s3.amazonaws.com/27permalink-1650272677899.pdf,"Error, Not found",,,,,,,,,
Informatica error : [LGS_10052] The Log Service has no record ,https://kbscollection.s3.amazonaws.com/28lgs-10052-the-log-service-has-no-record-of-the-requested-session-or-workflow-run-n.pdf,"Error, No record, Log, Informatica",,,,,,,,,
"How to connect local system with VM for file copy. Ex: I have installed Ubuntu Vm in my Windows, now I want to copy file from windows to the Ubuntu VM.",https://kbscollection.s3.amazonaws.com/29how-to-connect-local-system-with-vm-for-file-copy-ex-i-have-installed-ubuntu-vm-in-my-windows-now-i-want-to-copy-file-from-windows-to-the-ubuntu-vm-use-all-available-methods.pdf,"VM, Connect, Local, Copy",,,,,,,,,
Talend Installation,https://kbscollection.s3.amazonaws.com/30talend-in.pdf,"Install, Talend",,,,,,,,,
Connecting sql to talend,https://kbscollection.s3.amazonaws.com/31connecting-sql-to-talend.pdf,"Talend, Connection, Connect, Sql",,,,,,,,,
Load data to mysql,https://kbscollection.s3.amazonaws.com/32load-data-to-mysql.pdf,"Mysql, load",,,,,,,,,
Unable to access mysql lab,https://kbscollection.s3.amazonaws.com/33article.pdf,"Mysql, Access, Lab",,,,,,,,,
How to connect MySQL database in Python,https://kbscollection.s3.amazonaws.com/34how-to-connect-mysql-database-in-python.pdf,"Connect, Mysql, Database, Python",,,,,,,,,
Command to access mysqldb,https://kbscollection.s3.amazonaws.com/35command-to-access-mysqldb.pdf,"Mysql, Access, Command",,,,,,,,,
Issue in accessing Mysql in lab,https://kbscollection.s3.amazonaws.com/36article-5.pdf,"Mysql, Lab, Access",,,,,,,,,
SQL Installation,https://kbscollection.s3.amazonaws.com/37SQL+Installation.pdf,"Install, SQL",,,,,,,,,
How SQL query works on TABLEAU,https://kbscollection.s3.amazonaws.com/38ho.pdf,"Tableau, Sql, Query",,,,,,,,,
Remove Duplicate Record,https://kbscollection.s3.amazonaws.com/39Delete_Duplicate_Records.txt,"Delete, Remove, Duplicate",,,,,,,,,
Tableau : Upload Tableau Workbook to Tableau Public Gallery,https://kbscollection.s3.amazonaws.com/40tableau-upload-tableau-workbook-to-tableau-public-gallery.pdf,"Tableau, Upload, Workbook",,,,,,,,,
Sample AWS Architecture Diagrams!,https://kbscollection.s3.amazonaws.com/41Archi.zip,"AWS, Architecture, Diagram",,,,,,,,,
Methods to find optimal k in k-means algorithm,https://kbscollection.s3.amazonaws.com/42methods-to-find-optimal-k-in-k-means-algorithm.pdf,"K-means, Algorithm, Find",,,,,,,,,
DAX formulas,https://kbscollection.s3.amazonaws.com/43var.pdf,"Dax, Formulas",,,,,,,,,
HOW DAX CALCULATE WORKS?,https://kbscollection.s3.amazonaws.com/44dax-calculate.pdf,"Dax, Calculate",,,,,,,,,
Date column dax,https://kbscollection.s3.amazonaws.com/45to-create-a-date-c.pdf,"Dax, Column, Date",,,,,,,,,
Dax expression ton convert Date String to Date,https://kbscollection.s3.amazonaws.com/46dax-28-6-2022.pdf,"Dax, Convert,String, Date",,,,,,,,,
Dax expression ton convert Date to String ,https://kbscollection.s3.amazonaws.com/47dax-functions.pdf,Dax Convert Date,,,,,,,,,
"DAX Formulas for Fiscal Year, Fiscal Quarter and Month Short Name",https://kbscollection.s3.amazonaws.com/48dax-fiscalyear.pdf,"Dax, Formulas, Fiscal, Month",,,,,,,,,
DAX shortcuts in Power BI,https://kbscollection.s3.amazonaws.com/49dax-shortcutscuts.pdf,"Dax, Shortcuts, power BI",,,,,,,,,
DAX How to create a measure to calculate Total Sales.,https://kbscollection.s3.amazonaws.com/50for-rachasmita-18-8-2022.pdf,"Dax, Measure, Calculate, sales",,,,,,,,,
,,,,,,,,,,,
,,,,,,,,,,,
,,,,,,,,,,,
,,,,,,,,,,,
,,,,,,,,,,,
,,,,,,,,,,,https://kbscollection.s3.amazonaws.com/1How+to+install+jupyter+notebook+in+Pyspark+VM.pdf
,,,,,,,,,,,https://kbscollection.s3.ap-south-1.amazonaws.com/1How+to+install+jupyter+notebook+in+Pyspark+VM.pdf
,,,,,,,,,,,
,,,,,,,,,,,
,,,,,,,,,,,https://kbscollection.s3.amazonaws.com/6jupyter-shortcuts.pdf
,,,,,,,,,,,https://kbscollection.s3.ap-south-1.amazonaws.com/7VM_Python_Windows_1_.pdf